{
    "name": "GALLERY",
    "videos": [
        {
          "id": "1",
          "name": "Overcoming Procrastination",
          "description": "Learn how to overcome procrastination and increase your productivity.",
          "video_url": "https://www.youtube.com/watch?v=wfmMEQ8c_oo"
        },
        {
          "id": "2",
          "name": "Habits of Highly Successful People",
          "description": "Discover the habits of highly successful people and how to apply them to your own life.",
          "video_url": "https://www.youtube.com/watch?v=yASaVNKs9yY"
        },
        {
          "id": "3",
          "name": "Mastering Time Management",
          "description": "Learn how to master time management and take control of your day.",
          "video_url": "https://www.youtube.com/watch?v=Yey59NOFNFY"
        },
        {
          "id": "4",
          "name": "Mindfulness Meditation for Beginners",
          "description": "Discover the benefits of mindfulness meditation and learn how to get started.",
          "video_url": "https://www.youtube.com/watch?v=bLpChrgS0AY"
        },
        {
          "id": "5",
          "name": "How to Build Self-Confidence",
          "description": "Learn how to build self-confidence and overcome self-doubt.",
          "video_url": "hhttps://www.youtube.com/watch?v=ivNNgdCsY7o"
        }
      ],
    "pictures": [
        {
          "id": "1",
          "name": "City Life: Exploring the Urban Jungle",
          "description": "Take a journey with us to explore the vibrant and bustling city life.",
          "image_url": "https://images.unsplash.com/photo-1613266654520-c56e7f9e6e9f?ixlib=rb-4.0.3&ixid=MnwxMjA3fDB8MHxwaG90by1wYWdlfHx8fGVufDB8fHx8&auto=format&fit=crop&w=1470&q=80"
        },
        {
          "id": "2",
          "name": "Nature's Wonders: The Power of Waterfalls",
          "description": "Discover the power and beauty of some of the most stunning waterfalls in the world.",
          "image_url": "https://images.unsplash.com/photo-1613266654520-c56e7f9e6e9f?ixlib=rb-4.0.3&ixid=MnwxMjA3fDB8MHxwaG90by1wYWdlfHx8fGVufDB8fHx8&auto=format&fit=crop&w=1470&q=80"
        },
        {
          "id": "3",
          "name": "The Great Outdoors: Exploring Nature's Majesty",
          "description": "Join us on an adventure to explore some of the most beautiful natural landscapes in the world.",
          "image_url": "https://images.unsplash.com/photo-1613266654520-c56e7f9e6e9f?ixlib=rb-4.0.3&ixid=MnwxMjA3fDB8MHxwaG90by1wYWdlfHx8fGVufDB8fHx8&auto=format&fit=crop&w=1470&q=80"
        },
        {
          "id": "4",
          "name": "Cityscapes: The Beauty of Urban Landscapes",
          "description": "Discover the beauty of urban landscapes and skylines from around the world.",
          "image_url": "https://images.unsplash.com/photo-1613266654520-c56e7f9e6e9f?ixlib=rb-4.0.3&ixid=MnwxMjA3fDB8MHxwaG90by1wYWdlfHx8fGVufDB8fHx8&auto=format&fit=crop&w=1470&q=80"
        },
        {
          "id": "5",
          "name": "Nature and the City: The Perfect Combination",
          "description": "Experience the beauty of nature and the city in perfect harmony.",
          "image_url": "https://images.unsplash.com/photo-1613266654520-c56e7f9e6e9f?ixlib=rb-4.0.3&ixid=MnwxMjA3fDB8MHxwaG90by1wYWdlfHx8fGVufDB8fHx8&auto=format&fit=crop&w=1470&q=80"
        }
      ]
      
}